openAccessPdf,paperId,title,authors,year,citationCount,abstract
"{'url': '', 'status': None, 'license': None, 'disclaimer': 'Notice: Paper or abstract available at https://arxiv.org/abs/2602.13641, which is subject to the license by the author or copyright owner provided with this content. Please go to the source to verify the license and copyright information for your use.'}",af1e2306a1edc20fef0a2a159689b023c141a46f,SPLIT: Sparse Incremental Learning of Error Dynamics for Control-Oriented Modeling in Autonomous Vehicles,"[{'authorId': '2328698115', 'name': 'Yaoyu Li'}, {'authorId': '2311377751', 'name': 'Chaosheng Huang'}, {'authorId': '2327626756', 'name': 'Jun Li'}]",2026,0,"Accurate, computationally efficient, and adaptive vehicle models are essential for autonomous vehicle control. Hybrid models that combine a nominal model with a Gaussian Process (GP)-based residual model have emerged as a promising approach. However, the GP-based residual model suffers from the curse of dimensionality, high evaluation complexity, and the inefficiency of online learning, which impede the deployment in real-time vehicle controllers. To address these challenges, we propose SPLIT, a sparse incremental learning framework for control-oriented vehicle dynamics modeling. SPLIT integrates three key innovations: (i) Model Decomposition. We decompose the vehicle model into invariant elements calibrated by experiments, and variant elements compensated by the residual model to reduce feature dimensionality. (ii) Local Incremental Learning. We define the valid region in the feature space and partition it into subregions, enabling efficient online learning from streaming data. (iii) GP Sparsification. We use bayesian committee machine to ensure scalable online evaluation. Integrated into model-based controllers, SPLIT is evaluated in aggressive simulations and real-vehicle experiments. Results demonstrate that SPLIT improves model accuracy and control performance online. Moreover, it enables rapid adaptation to vehicle dynamics deviations and exhibits robust generalization to previously unseen scenarios."
"{'url': '', 'status': None, 'license': None, 'disclaimer': 'Notice: Paper or abstract available at https://arxiv.org/abs/2502.02310, which is subject to the license by the author or copyright owner provided with this content. Please go to the source to verify the license and copyright information for your use.'}",4fe746e7151a26eb7e22d125acc44ae53126df01,Gaussian processes for dynamics learning in model predictive control,"[{'authorId': '2320303566', 'name': 'Anna Scampicchio'}, {'authorId': '151503623', 'name': 'Elena Arcari'}, {'authorId': '2192606294', 'name': 'Amon Lahr'}, {'authorId': '2176899', 'name': 'M. Zeilinger'}]",2025,13,"Due to its state-of-the-art estimation performance complemented by rigorous and non-conservative uncertainty bounds, Gaussian process regression is a popular tool for enhancing dynamical system models and coping with their inaccuracies. This has enabled a plethora of successful implementations of Gaussian process-based model predictive control in a variety of applications over the last years. However, despite its evident practical effectiveness, there are still many open questions when attempting to analyze the associated optimal control problem theoretically and to exploit the full potential of Gaussian process regression in view of safe learning-based control. The contribution of this review is twofold. The first is to survey the available literature on the topic, highlighting the major theoretical challenges such as (i) addressing scalability issues of Gaussian process regression; (ii) taking into account the necessary approximations to obtain a tractable MPC formulation; (iii) including online model updates to refine the dynamics description, exploiting data collected during operation. The second is to provide an extensive discussion of future research directions, collecting results on uncertainty quantification that are related to (but yet unexploited in) optimal control, among others. Ultimately, this paper provides a toolkit to study and advance Gaussian process-based model predictive control."
"{'url': '', 'status': None, 'license': None, 'disclaimer': 'Notice: Paper or abstract available at https://api.unpaywall.org/v2/10.1109/LRA.2024.3511436?email=<INSERT_YOUR_EMAIL> or https://doi.org/10.1109/LRA.2024.3511436, which is subject to the license by the author or copyright owner provided with this content. Please go to the source to verify the license and copyright information for your use.'}",76b2ce2bb395ec7a32773e8543f80da13baf0701,GP-Based NMPC for Aerial Transportation of Suspended Loads,"[{'authorId': '2167440701', 'name': 'Fotis Panetsos'}, {'authorId': '1769908', 'name': 'G. Karras'}, {'authorId': '2292538579', 'name': 'Kostas J. Kyriakopoulos'}]",2025,6,"In this work, we leverage Gaussian Processes (GPs) and present a learning-based control scheme for the transportation of cable-suspended loads with multirotors. Our ultimate goal is to approximate the model discrepancies that exist between the actual and nominal system dynamics. Towards this direction, weighted and sparse Gaussian Process (GP) regression is exploited so as to approximate online the model errors and guarantee real-time performance while also ensuring adaptability to the conditions prevailing in the outdoor environment where the multirotor is deployed. The learned model errors are fed into a nonlinear Model Predictive Controller (NMPC), formulated for the corrected system dynamics, which achieves the transportation of the multirotor towards reference positions with simultaneous minimization of the cable angular motion, regardless of the outdoor conditions and the existence of external disturbances, primarily stemming from the unknown wind. The proposed scheme is validated through simulations and real-world experiments with an octorotor, demonstrating an 80% reduction in the steady-state position error under 4 Beaufort wind conditions compared to the nominal NMPC."
"{'url': '', 'status': None, 'license': None, 'disclaimer': 'Notice: Paper or abstract available at https://arxiv.org/abs/2505.07594, which is subject to the license by the author or copyright owner provided with this content. Please go to the source to verify the license and copyright information for your use.'}",4dfa8cead83d507ff85352605575ffdb67a0c4d6,Finite-Sample-Based Reachability for Safe Control with Gaussian Process Dynamics,"[{'authorId': '80722683', 'name': 'Manish Prajapat'}, {'authorId': '2241522504', 'name': 'Johannes Köhler'}, {'authorId': '2192606294', 'name': 'Amon Lahr'}, {'authorId': '2311403384', 'name': 'Andreas Krause'}, {'authorId': '2176899', 'name': 'M. Zeilinger'}]",2025,4,"Gaussian Process (GP) regression is shown to be effective for learning unknown dynamics, enabling efficient and safety-aware control strategies across diverse applications. However, existing GP-based model predictive control (GP-MPC) methods either rely on approximations, thus lacking guarantees, or are overly conservative, which limits their practical utility. To close this gap, we present a sampling-based framework that efficiently propagates the model's epistemic uncertainty while avoiding conservatism. We establish a novel sample complexity result that enables the construction of a reachable set using a finite number of dynamics functions sampled from the GP posterior. Building on this, we design a sampling-based GP-MPC scheme that is recursively feasible and guarantees closed-loop safety and stability with high probability. Finally, we showcase the effectiveness of our method on two numerical examples, highlighting accurate reachable set over-approximation and safe closed-loop performance."
"{'url': '', 'status': None, 'license': None, 'disclaimer': 'Notice: Paper or abstract available at https://arxiv.org/abs/2507.02098, which is subject to the license by the author or copyright owner provided with this content. Please go to the source to verify the license and copyright information for your use.'}",30c27e41eb41cbcb0630a5abf5b475af4b395fb2,A robust and adaptive MPC formulation for Gaussian process models,"[{'authorId': '2151793336', 'name': 'Mathieu Dubied'}, {'authorId': '2192606294', 'name': 'Amon Lahr'}, {'authorId': '2176899', 'name': 'M. Zeilinger'}, {'authorId': '2241522504', 'name': 'Johannes Köhler'}]",2025,2,"In this paper, we present a robust and adaptive model predictive control (MPC) framework for uncertain nonlinear systems affected by bounded disturbances and unmodeled nonlinearities. We use Gaussian Processes (GPs) to learn the uncertain dynamics based on noisy measurements, including those collected during system operation. As a key contribution, we derive robust predictions for GP models using contraction metrics, which are incorporated in the MPC formulation. The proposed design guarantees recursive feasibility, robust constraint satisfaction and convergence to a reference state, with high probability. We provide a numerical example of a planar quadrotor subject to difficult-to-model ground effects, which highlights significant improvements achieved through the proposed robust prediction method and through online learning."
"{'url': '', 'status': None, 'license': None, 'disclaimer': 'Notice: Paper or abstract available at https://arxiv.org/abs/2511.05330, which is subject to the license by the author or copyright owner provided with this content. Please go to the source to verify the license and copyright information for your use.'}",a18cd635a418a601149eaf04742f92a01cbf77e4,Learning Dynamics from Input-Output Data with Hamiltonian Gaussian Processes,"[{'authorId': '2243181940', 'name': 'Jan-Hendrik Ewering'}, {'authorId': '2391519096', 'name': 'Robin E. Herrmann'}, {'authorId': '2335868', 'name': 'Niklas Wahlstrom'}, {'authorId': '2250964741', 'name': 'T. Schön'}, {'authorId': '2265419902', 'name': 'Thomas Seel'}]",2025,1,"Embedding non-restrictive prior knowledge, such as energy conservation laws, in learning-based approaches is a key motive to construct physically consistent models from limited data, relevant for, e.g., model-based control. Recent work incorporates Hamiltonian dynamics into Gaussian Process (GP) regression to obtain uncertainty-quantifying models that adhere to the underlying physical principles. However, these works rely on velocity or momentum data, which is rarely available in practice. In this paper, we consider dynamics learning with non-conservative Hamiltonian GPs, and address the more realistic problem setting of learning from input-output data. We provide a fully Bayesian scheme for estimating probability densities of unknown hidden states, of GP hyperparameters, as well as of structural hyperparameters, such as damping coefficients. Considering the computational complexity of GPs, we take advantage of a reduced-rank GP approximation and leverage its properties for computationally efficient prediction and training. The proposed method is evaluated in a nonlinear simulation case study and compared to a state-of-the-art approach that relies on momentum measurements."
"{'url': '', 'status': None, 'license': None, 'disclaimer': 'Notice: Paper or abstract available at https://arxiv.org/abs/2507.12187, which is subject to the license by the author or copyright owner provided with this content. Please go to the source to verify the license and copyright information for your use.'}",cc825a6dbd51b17dbae900a963169b9c15e8f5b3,"Learning, fast and slow: a two-fold algorithm for data-based model adaptation","[{'authorId': '2261283594', 'name': 'Laura Boca de Giuli'}, {'authorId': '36351862', 'name': 'A. L. Bella'}, {'authorId': '2242614233', 'name': 'Riccardo Scattolini'}]",2025,1,"This article addresses the challenge of adapting data-based models over time. We propose a novel two-fold modelling architecture designed to correct plant-model mismatch caused by two types of uncertainty. Out-of-domain uncertainty arises when the system operates under conditions not represented in the initial training dataset, while in-domain uncertainty results from real-world variability and flaws in the model structure or training process. To handle out-of-domain uncertainty, a slow learning component, inspired by the human brain's slow thinking process, learns system dynamics under unexplored operating conditions, and it is activated only when a monitoring strategy deems it necessary. This component consists of an ensemble of models, featuring (i) a combination rule that weights individual models based on the statistical proximity between their training data and the current operating condition, and (ii) a monitoring algorithm based on statistical control charts that supervises the ensemble's reliability and triggers the offline training and integration of a new model when a new operating condition is detected. To address in-domain uncertainty, a fast learning component, inspired by the human brain's fast thinking process, continuously compensates in real time for the mismatch of the slow learning model. This component is implemented as a Gaussian process (GP) model, trained online at each iteration using recent data while discarding older samples. The proposed methodology is tested on a benchmark energy system referenced in the literature, demonstrating that the combined use of slow and fast learning components improves model accuracy compared to standard adaptation approaches."
"{'url': '', 'status': None, 'license': None, 'disclaimer': 'Notice: Paper or abstract available at https://arxiv.org/abs/2512.16624, which is subject to the license by the author or copyright owner provided with this content. Please go to the source to verify the license and copyright information for your use.'}",e86b20b0570325e39ea3ba996207e4eafad74b4f,Learning-based Approximate Model Predictive Control for an Impact Wrench Tool,"[{'authorId': '2250921092', 'name': 'M. Benazet'}, {'authorId': '2158734026', 'name': 'Francesco Ricca'}, {'authorId': '2399161226', 'name': 'Dario Bralla'}, {'authorId': '2176899', 'name': 'M. Zeilinger'}, {'authorId': '3063090', 'name': 'Andrea Carron'}]",2025,0,"Learning-based model predictive control has emerged as a powerful approach for handling complex dynamics in mechatronic systems, enabling data-driven performance improvements while respecting safety constraints. However, when computational resources are severely limited, as in battery-powered tools with embedded processors, existing approaches struggle to meet real-time requirements. In this paper, we address the problem of real-time torque control for impact wrenches, where high-frequency control updates are necessary to accurately track the fast transients occurring during periodic impact events, while maintaining high-performance safety-critical control that mitigates harmful vibrations and component wear. The key novelty of the approach is that we combine data-driven model augmentation through Gaussian process regression with neural network approximation of the resulting control policy. This insight allows us to deploy predictive control on resource-constrained embedded platforms while maintaining both constraint satisfaction and microsecond-level inference times. The proposed framework is evaluated through numerical simulations and hardware experiments on a custom impact wrench testbed. The results show that our approach successfully achieves real-time control suitable for high-frequency operation while maintaining constraint satisfaction and improving tracking accuracy compared to baseline PID control."
"{'url': '', 'status': None, 'license': None, 'disclaimer': 'Notice: Paper or abstract available at https://arxiv.org/abs/2411.19258, which is subject to the license by the author or copyright owner provided with this content. Please go to the source to verify the license and copyright information for your use.'}",9a5ef8c9dcb95e95ba110a95fc2c702d4d6e71f4,"L4acados: Learning-based models for acados, applied to Gaussian process-based predictive control","[{'authorId': '2192606294', 'name': 'Amon Lahr'}, {'authorId': '2338275464', 'name': 'Joshua Näf'}, {'authorId': '2359207', 'name': 'K. P. Wabersich'}, {'authorId': '147066952', 'name': 'Jonathan Frey'}, {'authorId': '2333238927', 'name': 'Pascal Siehl'}, {'authorId': '3063090', 'name': 'Andrea Carron'}, {'authorId': '2257291291', 'name': 'Moritz Diehl'}, {'authorId': '2176899', 'name': 'M. Zeilinger'}]",2024,8,"Incorporating learning-based models, such as artificial neural networks or Gaussian processes, into model predictive control (MPC) strategies can significantly improve control performance and online adaptation capabilities for real-world applications. Still, enabling state-of-the-art implementations of learning-based models for MPC is complicated by the challenge of interfacing machine learning frameworks with real-time optimal control software. This work aims at filling this gap by incorporating external sensitivities in sequential quadratic programming solvers for nonlinear optimal control. To this end, we provide L4acados, a general framework for incorporating Python-based dynamics models in the real-time optimal control software acados. By computing external sensitivities via a user-defined Python module, L4acados enables the implementation of MPC controllers with learning-based residual models in acados, while supporting parallelization of sensitivity computations when preparing the quadratic subproblems. We demonstrate significant speed-ups and superior scaling properties of L4acados compared to available software using a neural-network-based control example. Last, we provide an efficient and modular real-time implementation of Gaussian process-based MPC using L4acados, which is applied to two hardware examples: autonomous miniature racing, as well as motion control of a full-scale autonomous vehicle for an ISO lane change maneuver."
"{'url': '', 'status': None, 'license': None, 'disclaimer': 'Notice: Paper or abstract available at https://arxiv.org/abs/2411.14679, which is subject to the license by the author or copyright owner provided with this content. Please go to the source to verify the license and copyright information for your use.'}",cfb0cd821e07110fb4938b1a13aa67126cea2a2b,Recursive Gaussian Process State Space Model,"[{'authorId': '2331858932', 'name': 'Tengjie Zheng'}, {'authorId': '2266067875', 'name': 'Lin Cheng'}, {'authorId': '145070968', 'name': 'Sheng-hao Gong'}, {'authorId': '2263576319', 'name': 'Xu Huang'}]",2024,0,"Learning dynamical models from data is not only fundamental but also holds great promise for advancing principle discovery, time-series prediction, and controller design. Among various approaches, Gaussian Process State-Space Models (GPSSMs) have recently gained significant attention due to their combination of flexibility and interpretability. However, for online learning, the field lacks an efficient method suitable for scenarios where prior information regarding data distribution and model function is limited. To address this issue, this paper proposes a recursive GPSSM method with adaptive capabilities for both operating domains and Gaussian process (GP) hyperparameters. Specifically, we first utilize first-order linearization to derive a Bayesian update equation for the joint distribution between the system state and the GP model, enabling closed-form and domain-independent learning. Second, an online selection algorithm for inducing points is developed based on informative criteria to achieve lightweight learning. Third, to support online hyperparameter optimization, we recover historical measurement information from the current filtering distribution. Comprehensive evaluations on both synthetic and real-world datasets demonstrate the superior accuracy, computational efficiency, and adaptability of our method compared to state-of-the-art online GPSSM techniques."
"{'url': '', 'status': 'CLOSED', 'license': None, 'disclaimer': 'Notice: Paper or abstract available at https://api.unpaywall.org/v2/10.1109/MCS.2023.3291625?email=<INSERT_YOUR_EMAIL> or https://doi.org/10.1109/MCS.2023.3291625, which is subject to the license by the author or copyright owner provided with this content. Please go to the source to verify the license and copyright information for your use.'}",196168acd18659a62a0b93f168fa7b7eea941d8e,Kernel Methods and Gaussian Processes for System Identification and Control: A Road Map on Regularized Kernel-Based Learning for Control,"[{'authorId': '33187651', 'name': 'A. Carè'}, {'authorId': '1687569', 'name': 'R. Carli'}, {'authorId': '51450820', 'name': 'A. D. Libera'}, {'authorId': '2777349', 'name': 'Diego Romeres'}, {'authorId': '1719301', 'name': 'G. Pillonetto'}]",2023,27,"The commonly adopted route to control a dynamic system and make it follow the desired behavior consists of two steps. First, a model of the system is learned from input–output data, a task known as system identification in the engineering literature. Here, an important point is not only to derive a nominal model of the plant but also confidence bounds around it. The information coming from the first step is then exploited to design a controller that should guarantee a certain performance also under the uncertainty affecting the model. This classical way to control dynamic systems has recently been the subject of new intense research, thanks to an interesting cross-fertilization with the field of machine learning. New system identification and control techniques have been developed with links to function estimation and mathematical foundations in reproducing kernel Hilbert spaces (RKHSs) and Gaussian processes (GPs). This has become known as the Gaussian regression (kernel-based) approach to system identification and control. It is the purpose of this article to give an overview of this development (see “Summary”)."
"{'url': '', 'status': None, 'license': None, 'disclaimer': 'Notice: Paper or abstract available at https://api.unpaywall.org/v2/10.1109/TRO.2022.3203625?email=<INSERT_YOUR_EMAIL> or https://doi.org/10.1109/TRO.2022.3203625, which is subject to the license by the author or copyright owner provided with this content. Please go to the source to verify the license and copyright information for your use.'}",a77de5dfa79bfbfe5fb6cc492d653a3a3ab123ec,Gaussian-Process-Based Control of Underactuated Balance Robots With Guaranteed Performance,"[{'authorId': '2110720674', 'name': 'Kuo Chen'}, {'authorId': '1716335', 'name': 'J. Yi'}, {'authorId': '2058123', 'name': 'Dezhen Song'}]",2023,24,"The control of underactuated balance robots is aimed at performing both the external (actuated) subsystem trajectory tracking and internal (unactuated) subsystem balancing tasks. In this article, we propose a learning-based control design for underactuated balance robots. The key idea integrates a model predictive control method to design the desired internal subsystem trajectory and perform the external subsystem tracking task, while an inverse dynamics controller is used to stabilize the internal subsystem to its desired trajectory. The control design is based on Gaussian process (GP) regression models that are learned from experiments without requiring a priori knowledge about the robot dynamics or the demonstration of successful stabilization. GP regression models also provide estimates of modeling uncertainties of the robotic systems, and these estimations are used to enhance control robustness to modeling errors. The learning-based control design is analyzed with guaranteed stability and performance. The proposed design is demonstrated by experiments on a Furuta pendulum and an autonomous bikebot."
"{'url': 'http://arxiv.org/pdf/2303.04569', 'status': 'GREEN', 'license': None, 'disclaimer': 'Notice: Paper or abstract available at https://arxiv.org/abs/2303.04569, which is subject to the license by the author or copyright owner provided with this content. Please go to the source to verify the license and copyright information for your use.'}",b1b67293fc8ed2d3d328c8ccd830b3cb48ebb657,Safe Machine-Learning-Supported Model Predictive Force and Motion Control in Robotics,"[{'authorId': '1853109', 'name': 'Janine Matschek'}, {'authorId': '51199073', 'name': 'Johanna Bethge'}, {'authorId': '2908194', 'name': 'R. Findeisen'}]",2023,23,"Many robotic tasks, such as human-robot interactions or the handling of fragile objects, require tight control and limitation of appearing forces and moments alongside sensible motion control to achieve safe yet high-performance operation. We propose a learning-supported model predictive force and motion control scheme that provides stochastic safety guarantees while adapting to changing situations. Gaussian processes (GPs) are used to learn the uncertain relations that map the robot’s states to the forces and moments. The model predictive controller uses these Gaussian process models to achieve precise motion and force control under stochastic constraint satisfaction. As the uncertainty only occurs in the static model parts — the output equations — a computationally efficient stochastic MPC formulation is used. analysis of recursive feasibility of the optimal control problem and convergence of the closed loop system for the static uncertainty case are given. Chance constraint formulation and back-offs are constructed based on the variance of the Gaussian process to guarantee safe operation. The approach is illustrated on a lightweight robot in simulations and experiments."
"{'url': '', 'status': None, 'license': None, 'disclaimer': 'Notice: Paper or abstract available at https://api.unpaywall.org/v2/10.1109/TAC.2022.3172453?email=<INSERT_YOUR_EMAIL> or https://doi.org/10.1109/TAC.2022.3172453, which is subject to the license by the author or copyright owner provided with this content. Please go to the source to verify the license and copyright information for your use.'}",d885e8db0b485c1dee8333e232cf77818c467c51,Guaranteed Closed-Loop Learning in Model Predictive Control,"[{'authorId': '1884126', 'name': 'Raffaele Soloperto'}, {'authorId': '4066621', 'name': 'M. Müller'}, {'authorId': '144295691', 'name': 'F. Allgöwer'}]",2023,17,"In this article, we propose a novel learning-based model predictive control framework for nonlinear systems which is able to guarantee closed-loop learning of the controlled system. We consider a cost function that combines a general economic cost with a user-defined learning cost function that aims at incentivizing learning of the unknown system. In particular, due to the finite horizon of the MPC scheme and to the presence of disturbances, the open-loop trajectory usually differs from the closed-loop one. Such a mismatch causes existing learning-based MPC schemes to only show a learning phase in the open-loop prediction, without providing any formal guarantee on the actual closed-loop learning. In this article, we show how existing MPC schemes can be easily modified in order to guarantee closed-loop learning of the system by including a suitable discount factor in the chosen learning cost function, and implementing an additional constraint in the original MPC scheme. We show that various techniques for online learning the system dynamics, such as kinky inference methods, Gaussian processes, or parametric approaches, can be used within the proposed general framework."
"{'url': 'https://doi.org/10.1109/tsp.2023.3303648', 'status': 'BRONZE', 'license': 'publisher-specific-oa', 'disclaimer': 'Notice: Paper or abstract available at https://arxiv.org/abs/2301.12528, which is subject to the license by the author or copyright owner provided with this content. Please go to the source to verify the license and copyright information for your use.'}",6656ceda5107defc48aa9f236e58dee21f1bb2a9,Sequential Estimation of Gaussian Process-Based Deep State-Space Models,"[{'authorId': '2108173859', 'name': 'Yuhao Liu'}, {'authorId': '23108779', 'name': 'Marzieh Ajirak'}, {'authorId': '1785325', 'name': 'P. Djurić'}]",2023,15,"We consider the problem of sequential estimation of the unknowns of state-space and deep state-space models that include estimation of functions and latent processes of the models. The proposed approach relies on Gaussian and deep Gaussian processes that are implemented via random feature-based Gaussian processes. In these models, we have two sets of unknowns, highly nonlinear unknowns (the values of the latent processes) and conditionally linear unknowns (the constant parameters of the random feature-based Gaussian processes). We present a method based on particle filtering where the parameters of the random feature-based Gaussian processes are integrated out in obtaining the predictive density of the states and do not need particles. We also propose an ensemble version of the method, with each member of the ensemble having its own set of features. With several experiments, we show that the method can track the latent processes up to a scale and rotation."
"{'url': 'https://arxiv.org/pdf/2302.09921', 'status': 'GREEN', 'license': None, 'disclaimer': 'Notice: Paper or abstract available at https://arxiv.org/abs/2302.09921, which is subject to the license by the author or copyright owner provided with this content. Please go to the source to verify the license and copyright information for your use.'}",f56aa9666d9d75b0bb7449ce6a123ab89256f403,Free-Form Variational Inference for Gaussian Process State-Space Models,"[{'authorId': '2157773', 'name': 'Xuhui Fan'}, {'authorId': '30561807', 'name': 'Edwin V. Bonilla'}, {'authorId': '1397414349', 'name': 'T. O’Kane'}, {'authorId': '144540527', 'name': 'S. Sisson'}]",2023,12,"Gaussian process state-space models (GPSSMs) provide a principled and flexible approach to modeling the dynamics of a latent state, which is observed at discrete-time points via a likelihood model. However, inference in GPSSMs is computationally and statistically challenging due to the large number of latent variables in the model and the strong temporal dependencies between them. In this paper, we propose a new method for inference in Bayesian GPSSMs, which overcomes the drawbacks of previous approaches, namely over-simplified assumptions, and high computational requirements. Our method is based on free-form variational inference via stochastic gradient Hamiltonian Monte Carlo within the inducing-variable formalism. Furthermore, by exploiting our proposed variational distribution, we provide a collapsed extension of our method where the inducing variables are marginalized analytically. We also showcase results when combining our framework with particle MCMC methods. We show that, on six real-world datasets, our approach can learn transition dynamics and latent states more accurately than competing methods."
"{'url': '', 'status': None, 'license': None, 'disclaimer': 'Notice: Paper or abstract available at https://api.unpaywall.org/v2/10.1002/rnc.6853?email=<INSERT_YOUR_EMAIL> or https://doi.org/10.1002/rnc.6853, which is subject to the license by the author or copyright owner provided with this content. Please go to the source to verify the license and copyright information for your use.'}",80c1b44bbda044fc7febac9648179f088c6dfd9c,A model‐and data‐driven predictive control approach for tracking of stochastic nonlinear systems using Gaussian processes,"[{'authorId': '1569543958', 'name': 'Tong Ma'}]",2023,8,"Nonlinear model predictive control (NMPC) is one of the few control methods that can handle complex nonlinear systems with multi‐objectives and various constraints. However, the performance of NMPC highly depends on the model accuracy and the deterministic solutions may suffer from conservatism, for example, robust MPC only considers the worst‐case scenario, which yields the NMPC not working efficiently in uncertain stochastic cases. To address these issues, a model‐and data‐driven predictive control approach using Gaussian processes (GP‐MDPC) is synthesized in this paper, which copes with the tracking control problems of stochastic nonlinear systems subject to model uncertainties and chance constraints. Because GP has high flexibility to capture complex unknown functions and it inherently handles measurement noise, GP models are employed to approximate the unknowns, the predictions and uncertainty quantification provided by the GPs are then exploited to propagate the uncertainties through the nonlinear model and to formulate a finite‐horizon stochastic optimal control problem (FH‐SOCP). Specifically, given the GP models, closed‐loop simulations are executed offline to generate Monte Carlo samples, from which the back‐offs for constraint tightening are calculated iteratively. The tightened constraints then guarantee the satisfaction of chance constraints online. A tractable GP‐MDPC framework using back‐offs for handling nonlinear chance constrained tracking control problems is yielded, whose advantages include fast online evaluation, consideration of closed‐loop behaviour, and achievable trade‐off between conservatism and constraint violation. Comparisons are carried out to verify the effectiveness and superiority of the proposed GP‐MDPC scheme with back‐offs."
"{'url': 'https://ieeexplore.ieee.org/ielx7/87/4389040/10185938.pdf', 'status': 'HYBRID', 'license': 'CCBY', 'disclaimer': 'Notice: Paper or abstract available at https://arxiv.org/abs/2305.17949, which is subject to the license by the author or copyright owner provided with this content. Please go to the source to verify the license and copyright information for your use.'}",7e195a5b89d5b12de748e55e3d2fe3479de06bdf,A Learning-Based Nonlinear Model Predictive Controller for a Real Go-Kart Based on Black-Box Dynamics Modeling Through Gaussian Processes,"[{'authorId': '51975731', 'name': 'Enrico Picotti'}, {'authorId': '46191417', 'name': 'Enrico Mion'}, {'authorId': '51450820', 'name': 'A. D. Libera'}, {'authorId': '147130175', 'name': 'J. Pavlović'}, {'authorId': '1860631', 'name': 'A. Censi'}, {'authorId': '1411401737', 'name': 'E. Frazzoli'}, {'authorId': '1744705', 'name': 'A. Beghi'}, {'authorId': '2251887', 'name': 'M. Bruschetta'}]",2023,8,"Lately, nonlinear model predictive control (NMPC) has been successfully applied to (semi-) autonomous driving problems and has proven to be a very promising technique. However, accurate control models for real vehicles could require costly and time-demanding specific measurements. To address this problem, the exploitation of system data to complement or derive the prediction model of the NMPC has been explored, employing learning dynamics approaches within learning-based NMPC (LbNMPC). Its application to the automotive field has focused on discrete gray-box modeling, in which a nominal dynamics model is enhanced by the data-driven component. In this manuscript, we present an LbNMPC controller for a real go-kart based on a continuous black-box model of the accelerations obtained by Gaussian processes (GP). We show the effectiveness of the proposed approach by testing the controller on a real go-kart vehicle, highlighting the approximation steps required to get an exploitable GP model on a real-time application."
"{'url': 'https://arxiv.org/pdf/2312.05910', 'status': 'GREEN', 'license': None, 'disclaimer': 'Notice: Paper or abstract available at https://arxiv.org/abs/2312.05910, which is subject to the license by the author or copyright owner provided with this content. Please go to the source to verify the license and copyright information for your use.'}",f7063431eed04526fc755e4eae35cb0e886618bd,Ensemble Kalman Filtering Meets Gaussian Process SSM for Non-Mean-Field and Online Inference,"[{'authorId': '12905215', 'name': 'Zhidi Lin'}, {'authorId': '2108588890', 'name': 'Yiyong Sun'}, {'authorId': '2273367875', 'name': 'Feng Yin'}, {'authorId': '2298904721', 'name': 'A. Thiéry'}]",2023,6,"The Gaussian process state-space models (GPSSMs) represent a versatile class of data-driven nonlinear dynamical system models. However, the presence of numerous latent variables in GPSSM incurs unresolved issues for existing variational inference approaches, particularly under the more realistic non-mean-field (NMF) assumption, including extensive training effort, compromised inference accuracy, and infeasibility for online applications, among others. In this paper, we tackle these challenges by incorporating the ensemble Kalman filter (EnKF), a well-established model-based filtering technique, into the NMF variational inference framework to approximate the posterior distribution of the latent states. This novel marriage between EnKF and GPSSM not only eliminates the need for extensive parameterization in learning variational distributions, but also enables an interpretable, closed-form approximation of the evidence lower bound (ELBO). Moreover, owing to the streamlined parameterization via the EnKF, the new GPSSM model can be easily accommodated in online learning applications. We demonstrate that the resulting EnKF-aided online algorithm embodies a principled objective function by ensuring data-fitting accuracy while incorporating model regularizations to mitigate overfitting. We also provide detailed analysis and fresh insights for the proposed algorithms. Comprehensive evaluation across diverse real and synthetic datasets corroborates the superior learning and inference performance of our EnKF-aided variational inference algorithms compared to existing methods."
"{'url': 'http://arxiv.org/pdf/2311.01993', 'status': 'GREEN', 'license': None, 'disclaimer': 'Notice: Paper or abstract available at https://arxiv.org/abs/2311.01993, which is subject to the license by the author or copyright owner provided with this content. Please go to the source to verify the license and copyright information for your use.'}",c9c018b5dafcb8a20b6d314279861aad3fd5e51a,Active Exploration in Iterative Gaussian Process Regression for Uncertainty Modeling in Autonomous Racing,"[{'authorId': '1931708298', 'name': 'Tommaso Benciolini'}, {'authorId': '1491105028', 'name': 'Chen Tang'}, {'authorId': '33946222', 'name': 'M. Leibold'}, {'authorId': '2191077325', 'name': 'Catherine Weaver'}, {'authorId': '2245825283', 'name': 'Masayoshi Tomizuka'}, {'authorId': '144267500', 'name': 'Wei Zhan'}]",2023,6,"Autonomous racing creates challenging control problems, but model predictive control (MPC) has made promising steps toward solving both the minimum lap-time problem and head-to-head racing. Yet, accurate models of the system are necessary for model-based control, including models of vehicle dynamics and opponent behavior. Both dynamics model error and opponent behavior can be modeled with Gaussian process (GP) regression. GP models can be updated iteratively from data collected using the controller, but the strength of the GP model depends on the diversity of the training data. We propose a novel active exploration mechanism for iterative GP regression that purposefully collects additional data at regions of higher uncertainty in the GP model. In the exploration, an MPC collects diverse data by balancing the racing objectives and the exploration criterion; then the GP is retrained. The process is repeated iteratively; in later iterations, the exploration is deactivated, and only the racing objectives are optimized. Thus, the MPC can achieve better performance by leveraging the improved GP model. We validate our approach in the highly realistic racing simulation platform Gran Turismo Sport of Sony Interactive Entertainment Inc for a minimum lap time challenge, and in numerical simulation of head-to-head. Our active exploration mechanism yields a significant improvement in the GP prediction accuracy compared to previous approaches and, thus, an improved racing performance."
"{'url': '', 'status': None, 'license': None, 'disclaimer': 'Notice: Paper or abstract available at https://api.unpaywall.org/v2/10.1109/TCST.2021.3054650?email=<INSERT_YOUR_EMAIL> or https://doi.org/10.1109/TCST.2021.3054650, which is subject to the license by the author or copyright owner provided with this content. Please go to the source to verify the license and copyright information for your use.'}",ed13164100dd6d2da7021af6c3e5c03c96d3f267,Nonlinear MPC of a Heavy-Duty Diesel Engine With Learning Gaussian Process Regression,"[{'authorId': '2046957762', 'name': 'Daniel Bergmann'}, {'authorId': '2073488797', 'name': 'Karsten Harder'}, {'authorId': '153429394', 'name': 'Jens Niemeyer'}, {'authorId': '145688236', 'name': 'K. Graichen'}]",2022,21,"This contribution presents a method for modeling and controlling a heavy-duty biturbocharged diesel engine. The modeling scheme can incorporate expert knowledge of the control relevant combustion quantities into Gaussian process models. A nonlinear model predictive controller (MPC) is used to control the engine outputs subject to the gas path dynamics and nonlinear constraints for the emissions and for the sake of engine protection. In addition, an online learning scheme based on Gaussian process regression is used to compensate for model uncertainties due to aging effects and manufacturing tolerances. A consistent model smoothing strategy is derived to preserve the given expert knowledge and to avoid abrupt reactions of the MPC due to the online learning of the models. All parts of the controller are implemented with respect to real-time feasibility and small memory footprint. Experimental results for a real-world heavy-duty engine demonstrate the performance and the online learning ability of the presented nonlinear MPC scheme that may be transferred to various diesel engine applications."
"{'url': 'https://doi.org/10.1016/j.ejcon.2023.100862', 'status': 'HYBRID', 'license': 'CCBY', 'disclaimer': 'Notice: Paper or abstract available at https://arxiv.org/abs/2211.15522, which is subject to the license by the author or copyright owner provided with this content. Please go to the source to verify the license and copyright information for your use.'}",bac2bb36d8773626d4fe07b68083c6b5f9e0a534,Zero-order optimization for Gaussian process-based model predictive control,"[{'authorId': '2192606294', 'name': 'Amon Lahr'}, {'authorId': '35437368', 'name': 'Andrea Zanelli'}, {'authorId': '3063090', 'name': 'Andrea Carron'}, {'authorId': '2176899', 'name': 'M. Zeilinger'}]",2022,13,"By enabling constraint-aware online model adaptation, model predictive control using Gaussian process (GP) regression has exhibited impressive performance in real-world applications and received considerable attention in the learning-based control community. Yet, solving the resulting optimal control problem in real-time generally remains a major challenge, due to i) the increased number of augmented states in the optimization problem, as well as ii) computationally expensive evaluations of the posterior mean and covariance and their respective derivatives. To tackle these challenges, we employ i) a tailored Jacobian approximation in a sequential quadratic programming (SQP) approach, and combine it with ii) a parallelizable GP inference and automatic differentiation framework. Reducing the numerical complexity with respect to the state dimension $n_x$ for each SQP iteration from $\mathcal{O}(n_x^6)$ to $\mathcal{O}(n_x^3)$, and accelerating GP evaluations on a graphical processing unit, the proposed algorithm computes suboptimal, yet feasible solutions at drastically reduced computation times and exhibits favorable local convergence properties. Numerical experiments verify the scaling properties and investigate the runtime distribution across different parts of the algorithm."
"{'url': '', 'status': None, 'license': None, 'disclaimer': 'Notice: Paper or abstract available at https://api.unpaywall.org/v2/10.23919/ECC55457.2022.9838016?email=<INSERT_YOUR_EMAIL> or https://doi.org/10.23919/ECC55457.2022.9838016, which is subject to the license by the author or copyright owner provided with this content. Please go to the source to verify the license and copyright information for your use.'}",d11e8d3afe30ea9c4ab58bce9be63213ccbe82e1,LbMATMPC: an open-source toolbox for Gaussian Process modeling within Learning-based Nonlinear Model Predictive Control,"[{'authorId': '51975731', 'name': 'Enrico Picotti'}, {'authorId': '51450820', 'name': 'A. D. Libera'}, {'authorId': '1687569', 'name': 'R. Carli'}, {'authorId': '2251887', 'name': 'M. Bruschetta'}]",2022,10,"In the last years, Nonlinear Model Predictive Control (NMPC) has widely spread both in research and industrial contexts. NMPC reliability, however, depends on the accuracy of the model description, that can be subject to considerable uncertainty. On the other hand, advances in the machine learning techniques led to a renewed interest in data-driven control strategies for complex systems, defining a novel research field, namely Learning-based NMPC. In this manuscript, we present an open-source toolbox that combines MATMPC (a MATLAB-based Fast NMPC solver) and gpr-pytorch (a Python library for Gaussian Process (GP) regression) to define an off-the-shelves framework for implementation of GP-based Learning-based NMPC. Starting from a nominal model and model mismatch data or input-output measurements, the toolbox allows to train the GP either as model mismatch estimator or black-box model and get automatically the information needed for the NMPC problem. An example of usage in an experimental scenario for the control of a Furuta pendulum is presented, and a Monte Carlo analysis is carried out in a simulative scenario."
"{'url': 'https://arxiv.org/pdf/2211.03699', 'status': 'GREEN', 'license': None, 'disclaimer': 'Notice: Paper or abstract available at https://arxiv.org/abs/2211.03699, which is subject to the license by the author or copyright owner provided with this content. Please go to the source to verify the license and copyright information for your use.'}",b9f36d931aa33c44cc0be5eb2da0d8e5b62e2d87,Learning For Predictive Control: A Dual Gaussian Process Approach,"[{'authorId': '2108173111', 'name': 'Yuhan Liu'}, {'authorId': '2297143269', 'name': 'Pengyu Wang'}, {'authorId': '2188839999', 'name': ""R. T'oth""}]",2022,8,"An important issue in model-based control design is that an accurate dynamic model of the system is generally nonlinear, complex, and costly to obtain. This limits achievable control performance in practice. Gaussian process (GP) based estimation of system models is an effective tool to learn unknown dynamics directly from input/output data. However, conventional GP-based control methods often ignore the computational cost associated with accumulating data during the operation of the system and how to handle forgetting in continuous adaption. In this paper, we present a novel Dual Gaussian Process (DGP) based model predictive control (MPC) strategy that enables efficient use of online learning based predictive control without the danger of catastrophic forgetting. The bio-inspired DGP structure is a combination of a long-term GP and a short-term GP, where the long-term GP is used to keep the learned knowledge in memory and the short-term GP is employed to rapidly compensate unknown dynamics during online operation. Furthermore, a novel recursive online update strategy for the short-term GP is proposed to successively improve the learnt model during online operation. Effectiveness of the proposed strategy is demonstrated via numerical simulations."
"{'url': '', 'status': None, 'license': None, 'disclaimer': 'Notice: Paper or abstract available at https://api.unpaywall.org/v2/10.23919/ACC53348.2022.9867259?email=<INSERT_YOUR_EMAIL> or https://doi.org/10.23919/ACC53348.2022.9867259, which is subject to the license by the author or copyright owner provided with this content. Please go to the source to verify the license and copyright information for your use.'}",3788bd9eadbace60fa51badd5c1e6418c7fe01a6,"Exact Multiple-Step Predictions in Gaussian Process-based Model Predictive Control: Observations, Possibilities, and Challenges","[{'authorId': '1612085111', 'name': 'Maik Pfefferkorn'}, {'authorId': '5138750', 'name': 'Michael Maiworm'}, {'authorId': '2908194', 'name': 'R. Findeisen'}]",2022,7,"Employing learned Gaussian process models in nonlinear model predictive control raises the problem of repeatedly propagating a probability distribution through a nonlinear mapping, which is a challenging task. Existing solutions are either computationally expensive or conservative. We propose to use Gaussian process models that directly yield the entire state sequence without repeated evaluations. As therefrom an exact Gaussian distribution is obtained in each step on the prediction horizon, an increased prediction quality is achieved when compared to employing iterated models. The proposed approach is illustrated in a simulation study, where we show the quality gain in the open-loop state predictions, as well as in the closed-loop performance."
"{'url': '', 'status': None, 'license': None, 'disclaimer': 'Notice: Paper or abstract available at https://api.unpaywall.org/v2/10.1109/CDC51059.2022.9992944?email=<INSERT_YOUR_EMAIL> or https://doi.org/10.1109/CDC51059.2022.9992944, which is subject to the license by the author or copyright owner provided with this content. Please go to the source to verify the license and copyright information for your use.'}",f12c2fd774e8a386c0fe58d0b8f6b59a1e6cfa5b,Recursively Feasible Model Predictive Control using Latent Force Models Applied to Disturbed Quadcopters,"[{'authorId': '144263768', 'name': 'J. Gruner'}, {'authorId': '2184201249', 'name': 'Niklas Schmid'}, {'authorId': '80800831', 'name': 'G. Männel'}, {'authorId': '2294788', 'name': 'J. Grasshoff'}, {'authorId': '145540259', 'name': 'H. S. Abbas'}, {'authorId': '48973267', 'name': 'P. Rostalski'}]",2022,3,"In this work, recursively feasible model predictive control (MPC) is considered for systems under additive disturbances. Combining a nonparametric Gaussian Process (GP) prior for modeling the additive disturbance with the model of the undisturbed system results in a model structure referred to as latent force model (LFM). Using spectral factorization, the whole LFM can be represented by an equivalent/approximate stochastic state-space model used as the predictor in the MPC formulation. Chance constraints are incorporated by constraint tightening using so-called probabilistic reachable sets of the LFM state and recursive feasibility is guaranteed by optimizing the initial value of the MPC predicted trajectory. The LFM formulation allows leveraging the disturbance information to all components of the MPC, which can significantly enhance its performance. The proposed LFM-based MPC approach is demonstrated on a simulated quadcopter under additive disturbances. The performance of the closed-loop controller using the LFM-state-space reformulation is compared to standard MPC."
"{'url': 'https://arxiv.org/pdf/2208.00135', 'status': 'GREEN', 'license': None, 'disclaimer': 'Notice: Paper or abstract available at https://arxiv.org/abs/2208.00135, which is subject to the license by the author or copyright owner provided with this content. Please go to the source to verify the license and copyright information for your use.'}",bc86f46ea55b55dbe2e1091860a7e69981df5664,Learning Robot Inverse Dynamics Using Sparse Online Gaussian Process with Forgetting Mechanism,"[{'authorId': '50135754', 'name': 'W. Li'}, {'authorId': '2109689740', 'name': 'Zhi-wen Li'}, {'authorId': '2118646093', 'name': 'Yiqiu Liu'}, {'authorId': '1714827', 'name': 'Yongping Pan'}]",2022,3,"Online Gaussian processes (GPs), typically used for learning models from time-series data, are more flexible and robust than offline GPs. Both local and sparse approximations of GPs can efficiently learn complex models online. Yet, these approaches assume that all signals are relatively accurate and that all data are available for learning without misleading data. Besides, the online learning capacity of GPs is limited for high-dimension problems and long-term tasks in practice. This paper proposes a sparse online GP (SOGP) with a forgetting mechanism to forget distant model information at a specific rate. The proposed approach combines two general data deletion schemes for the basis vector set of SOGP: The position information-based scheme and the oldest points-based scheme. We apply our approach to learn the inverse dynamics of a collaborative robot with 7 degrees of freedom under a two-segment trajectory tracking problem with task switching. Both simulations and experiments have shown that the proposed approach achieves better tracking accuracy and predictive smoothness compared with the two general data deletion schemes."
"{'url': '', 'status': None, 'license': None, 'disclaimer': 'Notice: Paper or abstract available at https://api.unpaywall.org/v2/10.23919/ACC53348.2022.9867326?email=<INSERT_YOUR_EMAIL> or https://doi.org/10.23919/ACC53348.2022.9867326, which is subject to the license by the author or copyright owner provided with this content. Please go to the source to verify the license and copyright information for your use.'}",c86e7cc1d84888223a94a3312470569e47af3ff7,Control and Uncertainty Propagation in the Presence of Outliers by Utilizing Student-t Process Regression,"[{'authorId': '152913533', 'name': 'D. Papadimitriou'}, {'authorId': '1685407', 'name': 'S. Sojoudi'}]",2022,2,"Gaussian Process Regression (GPR) has been extensively used to estimate unknown models and quantify model uncertainty in control tasks concerning safety-critical applications. However, one of the drawbacks of GPR is that it does not take into account the function evaluations of the observations in the uncertainty estimation, rendering it unsuitable for applications with observations prone to outliers or to some unassumed noise disturbance. In this work, we introduce the Student-t Process Regression (TPR) as a generalization of GPR for estimating dynamics models in the control literature. The key attribute of TPR is that the estimation variance explicitly depends on the function evaluations rendering it more robust to outliers. We prove uniform error bounds for the estimation based on TPR under certain continuity assumptions. Furthermore, we employ TPR to estimate unknown and nonlinear dynamical systems and we show with control simulations that the resulting estimation uncertainty compensates for the existence of outliers. Such informative variance estimates are of vital importance as they can lead to more informative uncertainty propagation and thus less conservative control policies."
"{'url': 'https://doi.org/10.1109/lra.2021.3061307', 'status': 'BRONZE', 'license': 'publisher-specific-oa', 'disclaimer': 'Notice: Paper or abstract available at https://arxiv.org/abs/2102.05773, which is subject to the license by the author or copyright owner provided with this content. Please go to the source to verify the license and copyright information for your use.'}",809ab90454505f513dff93e2d8b440940eeb64aa,Data-Driven MPC for Quadrotors,"[{'authorId': '2048165017', 'name': 'G. Torrente'}, {'authorId': '32887979', 'name': 'Elia Kaufmann'}, {'authorId': '1393156719', 'name': 'Philip Föhn'}, {'authorId': '2075371', 'name': 'D. Scaramuzza'}]",2021,278,"Aerodynamic forces render accurate high-speed trajectory tracking with quadrotors extremely challenging. These complex aerodynamic effects become a significant disturbance at high speeds, introducing large positional tracking errors, and are extremely difficult to model. To fly at high speeds, feedback control must be able to account for these aerodynamic effects in real-time. This necessitates a modeling procedure that is both accurate and efficient to evaluate. Therefore, we present an approach to model aerodynamic effects using Gaussian Processes, which we incorporate into a Model Predictive Controller to achieve efficient and precise real-time feedback control, leading to up to 70% reduction in trajectory tracking error at high speeds. We verify our method by extensive comparison to a state-of-the-art linear drag model in synthetic and real-world experiments at speeds of up to 14 m/s and accelerations beyond 4 g."
"{'url': '', 'status': None, 'license': None, 'disclaimer': 'Notice: Paper or abstract available at https://api.unpaywall.org/v2/10.1016/J.AUTOMATICA.2021.109613?email=<INSERT_YOUR_EMAIL> or https://doi.org/10.1016/J.AUTOMATICA.2021.109613, which is subject to the license by the author or copyright owner provided with this content. Please go to the source to verify the license and copyright information for your use.'}",ef9eb02e40576121758a5cd8d2932b851ae07113,Online Bayesian inference and learning of Gaussian-process state-space models,"[{'authorId': '16947593', 'name': 'K. Berntorp'}]",2021,37,"Abstract This paper addresses the recursive joint inference (state estimation) and learning (system identification) problem for nonlinear systems admitting a state–space formulation. We model the system as a Gaussian-process state–space model (GP-SSM) and leverage a recently developed reduced-rank formulation of GP-SSMs to enable efficient, online learning. The unknown dynamical system is expressed as a basis-function expansion, where a connection to the GP makes it possible to systematically assign priors to the basis-function weights. The approach is formulated within the sequential Monte Carlo framework, wherein each particle retains its own weights of the basis functions, which are updated recursively as measurements arrive. We report competitive results when compared to a state-of-the art offline Bayesian learning method. We also apply the method to a case study concerning tire-friction estimation. The results indicate that our method can accurately learn the tire friction using automotive-grade sensors in an online setting, and quickly detect sudden changes on the road surface."
"{'url': '', 'status': None, 'license': None, 'disclaimer': 'Notice: Paper or abstract available at https://arxiv.org/abs/2110.15172, which is subject to the license by the author or copyright owner provided with this content. Please go to the source to verify the license and copyright information for your use.'}",464c22569b19f590b3a4bde3ff87b39c63dd5e5f,Conditioning Sparse Variational Gaussian Processes for Online Decision-making,"[{'authorId': '151254077', 'name': 'Wesley J. Maddox'}, {'authorId': '2067201658', 'name': 'S. Stanton'}, {'authorId': '145771261', 'name': 'A. Wilson'}]",2021,37,"With a principled representation of uncertainty and closed form posterior updates, Gaussian processes (GPs) are a natural choice for online decision making. However, Gaussian processes typically require at least $\mathcal{O}(n^2)$ computations for $n$ training points, limiting their general applicability. Stochastic variational Gaussian processes (SVGPs) can provide scalable inference for a dataset of fixed size, but are difficult to efficiently condition on new data. We propose online variational conditioning (OVC), a procedure for efficiently conditioning SVGPs in an online setting that does not require re-training through the evidence lower bound with the addition of new data. OVC enables the pairing of SVGPs with advanced look-ahead acquisition functions for black-box optimization, even with non-Gaussian likelihoods. We show OVC provides compelling performance in a range of applications including active learning of malaria incidence, and reinforcement learning on MuJoCo simulated robotic control tasks."
"{'url': '', 'status': None, 'license': None, 'disclaimer': 'Notice: Paper or abstract available at https://arxiv.org/abs/2103.01454, which is subject to the license by the author or copyright owner provided with this content. Please go to the source to verify the license and copyright information for your use.'}",88e8a49f9893ce482fc1735ea34ef3a03a8d5456,Kernel Interpolation for Scalable Online Gaussian Processes,"[{'authorId': '2067201658', 'name': 'S. Stanton'}, {'authorId': '151254077', 'name': 'Wesley J. Maddox'}, {'authorId': '1471886408', 'name': 'Ian A. Delbridge'}, {'authorId': '145771261', 'name': 'A. Wilson'}]",2021,36,"Gaussian processes (GPs) provide a gold standard for performance in online settings, such as sample-efficient control and black box optimization, where we need to update a posterior distribution as we acquire data in a sequential fashion. However, updating a GP posterior to accommodate even a single new observation after having observed $n$ points incurs at least $O(n)$ computations in the exact setting. We show how to use structured kernel interpolation to efficiently recycle computations for constant-time $O(1)$ online updates with respect to the number of points $n$, while retaining exact inference. We demonstrate the promise of our approach in a range of online regression and classification settings, Bayesian optimization, and active sampling to reduce error in malaria incidence forecasting. Code is available at https://github.com/wjmaddox/online_gp."
"{'url': 'https://doi.org/10.1109/tpami.2022.3157197', 'status': 'BRONZE', 'license': 'publisher-specific-oa', 'disclaimer': 'Notice: Paper or abstract available at https://arxiv.org/abs/2110.06777, which is subject to the license by the author or copyright owner provided with this content. Please go to the source to verify the license and copyright information for your use.'}",e060b270ce5e7977f2568fd276cdcaff8d20e7dd,Incremental Ensemble Gaussian Processes,"[{'authorId': '2117522152', 'name': 'Qin Lu'}, {'authorId': '49711268', 'name': 'G. V. Karanikolas'}, {'authorId': '144321300', 'name': 'G. Giannakis'}]",2021,28,"Belonging to the family of Bayesian nonparametrics, Gaussian process (GP) based approaches have well-documented merits not only in learning over a rich class of nonlinear functions, but also in quantifying the associated uncertainty. However, most GP methods rely on a single preselected kernel function, which may fall short in characterizing data samples that arrive sequentially in time-critical applications. To enable online kernel adaptation, the present work advocates an incremental ensemble (IE-) GP framework, where an EGP assembler employs an ensemble of GP learners, each having a unique kernel belonging to a prescribed kernel dictionary. With each GP expert leveraging the random feature-based approximation to perform online prediction and model update with scalability, the EGP assembler capitalizes on data-adaptive weights to synthesize the per-expert predictions. Further, the novel IE-GP is generalized to accommodate time-varying functions by modeling structured dynamics at the EGP assembler and within each GP learner. To benchmark the performance of IE-GP and its dynamic variant in the adversarial setting where the modeling assumptions are violated, rigorous performance analysis has been conducted via the notion of regret, as the norm in online convex optimization. Last but not the least, online unsupervised learning for dimensionality reduction is explored under the novel IE-GP framework. Synthetic and real data tests demonstrate the effectiveness of the proposed schemes."
"{'url': 'https://hal.archives-ouvertes.fr/hal-03098157/file/LCSYS3042412.pdf', 'status': 'GREEN', 'license': 'other-oa', 'disclaimer': 'Notice: Paper or abstract available at https://api.unpaywall.org/v2/10.23919/ACC50511.2021.9482714?email=<INSERT_YOUR_EMAIL> or https://doi.org/10.23919/ACC50511.2021.9482714, which is subject to the license by the author or copyright owner provided with this content. Please go to the source to verify the license and copyright information for your use.'}",426c2993ae8a3fd2ad962b70b21566d89537ba15,Joint state and dynamics estimation with high-gain observers and Gaussian process models,"[{'authorId': '1410600781', 'name': 'Mona Buisson-Fenet'}, {'authorId': '84320271', 'name': 'V. Morgenthaler'}, {'authorId': '2377795005', 'name': 'Sebastian Trimpe'}, {'authorId': '2086729', 'name': 'F. D. Meglio'}]",2021,22,"With the rising complexity of dynamical systems generating ever more data, learning dynamics models appears as a promising alternative to physics-based modeling. However, the data available from physical platforms may be noisy and not cover all state variables. Hence, it is necessary to jointly perform state and dynamics estimation. In this paper, we propose interconnecting a high-gain observer and a dynamics learning framework, specifically a Gaussian process state-space model. The observer provides state estimates, which serve as the data for training the dynamics model. The updated model, in turn, is used to improve the observer. Joint convergence of the observer and the dynamics model is proved for high enough gain, up to the measurement and process perturbations. Simultaneous dynamics learning and state estimation are demonstrated on simulations of a mass-spring-mass system."
"{'url': 'https://arxiv.org/pdf/2011.07193', 'status': 'GREEN', 'license': None, 'disclaimer': 'Notice: Paper or abstract available at https://api.unpaywall.org/v2/10.1109/LRA.2021.3068887?email=<INSERT_YOUR_EMAIL> or https://doi.org/10.1109/LRA.2021.3068887, which is subject to the license by the author or copyright owner provided with this content. Please go to the source to verify the license and copyright information for your use.'}",684a8c811f0f948e4ecb173c353b4e6b1a68bee6,Data-Efficient Learning for Complex and Real-Time Physical Problem Solving Using Augmented Simulation,"[{'authorId': '104236766', 'name': 'Keita Ota'}, {'authorId': '2743474', 'name': 'Devesh K. Jha'}, {'authorId': '2777349', 'name': 'Diego Romeres'}, {'authorId': '2092045050', 'name': 'J. van Baar'}, {'authorId': '34771975', 'name': 'Kevin A. Smith'}, {'authorId': '3467581', 'name': 'Takayuki Semitsu'}, {'authorId': '2165726', 'name': 'Tomoaki Oiki'}, {'authorId': '2057801297', 'name': 'Alan Sullivan'}, {'authorId': '2965906', 'name': 'D. Nikovski'}, {'authorId': '1763295', 'name': 'J. Tenenbaum'}]",2021,19,"Humans quickly solve tasks in novel systems with complex dynamics, without requiring much interaction. While deep reinforcement learning algorithms have achieved tremendous success in many complex tasks, these algorithms need a large number of samples to learn meaningful policies. In this letter, we present a task for navigating a marble to the center of a circular maze. While this system is very intuitive and easy for humans to solve, it can be very difficult and inefficient for standard reinforcement learning algorithms to learn meaningful policies. We present a model that learns to move a marble in the complex environment within minutes of interacting with the real system. Learning consists of initializing a physics engine with parameters estimated using data from the real system. The error in the physics engine is then corrected using Gaussian process regression, which is used to model the residual between real observations and physics engine simulations. The physics engine augmented with the residual model is then used to control the marble in the maze environment using a model-predictive feedback over a receding horizon. To the best of our knowledge, this is the first time that a hybrid model consisting of a full physics engine along with a statistical function approximator has been used to control a complex physical system in real-time using nonlinear model-predictive control (NMPC)."
"{'url': 'https://arxiv.org/pdf/2107.12797', 'status': 'GREEN', 'license': None, 'disclaimer': 'Notice: Paper or abstract available at https://arxiv.org/abs/2107.12797, which is subject to the license by the author or copyright owner provided with this content. Please go to the source to verify the license and copyright information for your use.'}",a25eff931d227df5003f76175e9329770a61c1ac,Wasserstein-Splitting Gaussian Process Regression for Heterogeneous Online Bayesian Inference,"[{'authorId': '66612850', 'name': 'Michael E. Kepler'}, {'authorId': '2063871', 'name': 'Alec Koppel'}, {'authorId': '3387859', 'name': 'A. S. Bedi'}, {'authorId': '2765039', 'name': 'D. Stilwell'}]",2021,4,"Gaussian processes (GPs) are a well-known nonparametric Bayesian inference technique, but they suffer from scalability problems for large sample sizes, and their performance can degrade for non-stationary or spatially heterogeneous data. In this work, we seek to overcome these issues through (i) employing variational free energy approximations of GPs operating in tandem with online expectation propagation steps; and (ii) introducing a local splitting step which instantiates a new GP whenever the posterior distribution changes significantly as quantified by the Wasserstein metric over posterior distributions. Over time, then, this yields an ensemble of sparse GPs which may be updated incrementally, and adapts to locality, heterogeneity, and non-stationarity in training data. We provide a 1-dimensional example to illustrate the motivation behind our approach, and compare the performance of our approach to other Gaussian process methods across various data sets, which often achieves competitive, if not superior predictive performance, relative to other locality-based GP regression methods in which hyperparameters are learned in an online manner."
"{'url': 'https://doi.org/10.1109/lra.2020.2974432', 'status': 'HYBRID', 'license': 'publisher-specific, author manuscript', 'disclaimer': 'Notice: Paper or abstract available at https://api.unpaywall.org/v2/10.1109/LRA.2020.2974432?email=<INSERT_YOUR_EMAIL> or https://doi.org/10.1109/LRA.2020.2974432, which is subject to the license by the author or copyright owner provided with this content. Please go to the source to verify the license and copyright information for your use.'}",05874fbd490361f13c6643ef6a73051da3dab570,SOLAR-GP: Sparse Online Locally Adaptive Regression Using Gaussian Processes for Bayesian Robot Model Learning and Control,"[{'authorId': '145228535', 'name': 'B. Wilcox'}, {'authorId': '35860894', 'name': 'Michael C. Yip'}]",2020,27,"Machine learning methods have been widely used in robot control to learn inverse mappings. These methods are used to capture the entire non-linearities and non-idealities of a system that make geometric or phenomenological modeling difficult. Most methods employ some form of off-line or batch learning where training may be performed prior to a task, or in an intermittent manner, respectively. These strategies are generally unsuitable for teleoperation, where commands and sensor data are received in sequential streams and models must be learned on-the-fly. We combine sparse, local, and streaming methods to form Sparse Online Locally Adaptive Regression using Gaussian Processes (SOLAR–GP), which trains streaming data on localized sparse Gaussian Process models and infers a weighted local function mapping of the robot sensor states to joint states. The resultant prediction of the teleoperation command is used for joint control. The algorithm was adapted to perform on arbitrary link manipulators including the Baxter robot, where modifications to the algorithm are made to run training and prediction in parallel so as to keep consistent, high-frequency control loop rates. This framework allows for a user-defined cap on complexity of generated local models while retaining information on older regions of the explored state-space."
"{'url': 'http://arxiv.org/pdf/2006.14551', 'status': 'GREEN', 'license': None, 'disclaimer': 'Notice: Paper or abstract available at https://arxiv.org/abs/2006.14551, which is subject to the license by the author or copyright owner provided with this content. Please go to the source to verify the license and copyright information for your use.'}",63f98ff867292bd723312b91cbafd78418149f04,Prediction With Approximated Gaussian Process Dynamical Models,"[{'authorId': '88691548', 'name': 'Thomas Beckers'}, {'authorId': '8973704', 'name': 'S. Hirche'}]",2020,25,"The modeling and simulation of dynamical systems is a necessary step for many control approaches. Using classical, parameter-based techniques for modeling of modern systems, e.g., soft robotics or human–robot interaction, are often challenging or even infeasible due to the complexity of the system dynamics. In contrast, data-driven approaches need only a minimum of prior knowledge and scale with the complexity of the system. In particular, Gaussian process dynamical models (GPDMs) provide very promising results for the modeling of complex dynamics. However, the control properties of these GP models are just sparsely researched, which leads to a “blackbox” treatment in modeling and control scenarios. In addition, the sampling of GPDMs for prediction purpose respecting their nonparametric nature results in non-Markovian dynamics making the theoretical analysis challenging. In this article, we present approximated GPDMs, which are Markov and analyze their control theoretical properties. Among others, the approximated error is analyzed and conditions for boundedness of the trajectories are provided. The outcomes are illustrated with numerical examples that show the power of the approximated models while the computational time is significantly reduced."
"{'url': 'https://liu.diva-portal.org/smash/get/diva2:1466205/FULLTEXT01', 'status': 'GREEN', 'license': 'other-oa', 'disclaimer': 'Notice: Paper or abstract available at https://api.unpaywall.org/v2/10.1109/taes.2019.2948699?email=<INSERT_YOUR_EMAIL> or https://doi.org/10.1109/taes.2019.2948699, which is subject to the license by the author or copyright owner provided with this content. Please go to the source to verify the license and copyright information for your use.'}",b7e583a48da31546fa7fb578f843123bea157460,Learning Target Dynamics While Tracking Using Gaussian Processes,"[{'authorId': '31241451', 'name': 'Clas Veibäck'}, {'authorId': '39869517', 'name': 'Jonatan Olofsson'}, {'authorId': '3345618', 'name': 'T. R. Lauknes'}, {'authorId': '2486923', 'name': 'Gustaf Hendeby'}]",2020,16,"Tracked targets often exhibit common behaviors due to influences from the surrounding environment, such as wind or obstacles, which are usually modeled as noise. Here, these influences are modeled using sparse Gaussian processes that are learned online together with the state inference using an extended Kalman filter. The method can also be applied to time-varying influences and identify simple dynamic systems. The method is evaluated with promising results in a simulation and a real-world application."
"{'url': 'https://zenodo.org/records/4063563/files/Safety_guarantees_for_Iterative_Gaussian_Process_Based_Planning___AAMAS(2).pdf', 'status': 'GREEN', 'license': 'CCBY', 'disclaimer': 'Notice: Paper or abstract available at https://api.unpaywall.org/v2/10.1109/CDC42340.2020.9304029?email=<INSERT_YOUR_EMAIL> or https://doi.org/10.1109/CDC42340.2020.9304029, which is subject to the license by the author or copyright owner provided with this content. Please go to the source to verify the license and copyright information for your use.'}",a9fc90fd8f9af0b8f11bd29c8649cc676278afed,Safety Guarantees for Iterative Predictions with Gaussian Processes,"[{'authorId': '32006054', 'name': 'Kyriakos Polymenakos'}, {'authorId': '2572466', 'name': 'L. Laurenti'}, {'authorId': '145870046', 'name': 'A. Patané'}, {'authorId': '2320070', 'name': 'Jan-P. Calliess'}, {'authorId': '145457097', 'name': 'L. Cardelli'}, {'authorId': '49444240', 'name': 'M. Kwiatkowska'}, {'authorId': '144938187', 'name': 'A. Abate'}, {'authorId': '143841496', 'name': 'Stephen J. Roberts'}]",2020,9,"Gaussian Processes (GPs) are widely employed in control and learning because of their principled treatment of uncertainty. However, tracking uncertainty for iterative, multi-step predictions in general leads to an analytically intractable problem. While approximation methods exist, they do not come with guarantees, making it difficult to estimate their reliability and to trust their predictions. In this work, we derive formal probability error bounds for iterative predictions with GPs. Building on GP properties, we bound the probability that random trajectories lie in specific regions around the predicted values. Namely, given a tolerance ϵ > 0, we compute regions around the predicted trajectory values, such that GP trajectories are guaranteed to lie inside them with probability at least 1 – ϵ. We verify experimentally that our method tracks the predictive uncertainty correctly, even when current approximation techniques fail. Furthermore, we show how the proposed bounds can incorporate a given control law, and effectively bound the trajectories of the closed-loop system."
"{'url': 'https://liu.diva-portal.org/smash/get/diva2:1453333/FULLTEXT01', 'status': 'GREEN', 'license': 'other-oa', 'disclaimer': 'Notice: Paper or abstract available at https://arxiv.org/abs/2003.07312, which is subject to the license by the author or copyright owner provided with this content. Please go to the source to verify the license and copyright information for your use.'}",8cf8828ea87980d916c526d7e6d4495154bd28ce,Learning Driver Behaviors Using A Gaussian Process Augmented State-Space Model,"[{'authorId': '2077349942', 'name': 'Anton Kullberg'}, {'authorId': '2042489', 'name': 'I. Skog'}, {'authorId': '2486923', 'name': 'Gustaf Hendeby'}]",2020,5,"An inference method for Gaussian process augmented state-space models are presented. This class of grey-box models enables domain knowledge to be incorporated in the inference process to guarantee a minimum of performance, still they are flexible enough to permit learning of partially unknown model dynamics and inputs. To facilitate online (recursive) inference of the model a sparse approximation of the Gaussian process based upon inducing points is presented. To illustrate the application of the model and the inference method, an example where it is used to track the position and learn the behavior of a set of cars passing through an intersection, is presented. Compared to the case when only the state-space model is used, the use of the augmented state-space model gives both a reduced estimation error and bias."
"{'url': 'https://doi.org/10.1016/j.isatra.2020.10.011', 'status': 'HYBRID', 'license': 'CCBY', 'disclaimer': 'Notice: Paper or abstract available at https://api.unpaywall.org/v2/10.1016/j.isatra.2020.10.011?email=<INSERT_YOUR_EMAIL> or https://doi.org/10.1016/j.isatra.2020.10.011, which is subject to the license by the author or copyright owner provided with this content. Please go to the source to verify the license and copyright information for your use.'}",00821436cbe0ebbc58760e2d3451cfe9c7e00a08,Simulation of variational Gaussian process NARX models with GPGPU.,"[{'authorId': '2098165804', 'name': 'Tadej Krivec'}, {'authorId': '34533476', 'name': 'G. Papa'}, {'authorId': '3275766', 'name': 'J. Kocijan'}]",2020,5,"Gaussian processes (GP) regression is a powerful probabilistic tool for modeling nonlinear dynamical systems. The downside of the method is its cubic computational complexity with respect to the training data that can be partially reduced using pseudo-inputs. The dynamics can be represented with an autoregressive model, which simplifies the training to that of the static case. When simulating an autoregressive model, the uncertainty is propagated through a nonlinear function and the simulation cannot be evaluated in closed-form. This paper combines the variational methods of GP approximations with a nonlinear autoregressive model with exogenous inputs (NARX) to form variational GP (VGP-NARX) models. We show how VGP-NARX models, on average, better approximate a full GP-NARX model than more commonly used GP-NARX (FITC) model on 10 chaotic time-series. The modeling capabilities of VGP-NARX models are compared with the existing approaches on two benchmarks for modeling nonlinear dynamical systems. The advantage of general-purpose computing on graphics processing units (GPGPU) for Monte Carlo simulation on large validation data sets is addressed."
